date,split,ubl_net_return,ubl_full_turnover,ubl_transaction_cost,selected_net_return,selected_full_turnover,selected_transaction_cost
2020-04-07,train,0.0013363417823,2,0.002,0.00100830152629,2,0.002
2020-04-08,train,0.00740723656634,0.781090208744,0.000781090208744,0.00745966444702,0.796992137762,0.000796992137762
2020-04-09,train,-0.00163821935395,0.753807256579,0.000753807256579,-0.000321994562246,0.769666330932,0.000769666330932
2020-04-10,train,0.00105783114508,0.787191678687,0.000787191678687,0.00299388473935,0.813408255466,0.000813408255466
2020-04-13,train,0.00346077032274,0.74364444401,0.00074364444401,0.00274548318558,0.783153172618,0.000783153172618
2020-04-14,train,0.00229172918607,0.571718003323,0.000571718003323,0.00138491808806,0.594850395322,0.000594850395322
2020-04-15,train,0.0017503913875,0.547620659753,0.000547620659753,0.00184346848498,0.571567387746,0.000571567387746
2020-04-16,train,0.00691524857921,0.670616158879,0.000670616158878,0.00590825893426,0.679315600622,0.000679315600622
2020-04-17,train,-0.00161033828245,0.609709911471,0.000609709911471,-0.0017537029581,0.614738192972,0.000614738192972
2020-04-20,train,-0.00568099248863,0.637444875005,0.000637444875005,-0.00643179849639,0.636326271436,0.000636326271436
2020-04-21,train,0.00184186942345,0.596685151624,0.000596685151624,0.00146500519744,0.559244319815,0.000559244319815
2020-04-22,train,-0.00222288661887,0.533906428337,0.000533906428337,-0.00242964355333,0.496642923341,0.000496642923341
2020-04-23,train,0.00329649639266,0.576893335376,0.000576893335376,0.00471878224819,0.561921829718,0.000561921829718
2020-04-24,train,0.00433839670048,0.564154975154,0.000564154975154,0.00683824534112,0.57121205949,0.00057121205949
2020-04-27,train,0.00238615096632,0.600015301158,0.000600015301158,0.00344904524746,0.595463638464,0.000595463638464
2020-04-28,train,0.0055054650893,0.603945199064,0.000603945199064,0.00539398994317,0.571425390782,0.000571425390782
2020-04-29,train,0.00579066529695,0.585890052798,0.000585890052798,0.00471935150476,0.511397457741,0.000511397457741
2020-04-30,train,0.00266071760506,0.585536263292,0.000585536263292,0.000812308829021,0.551940978945,0.000551940978945
2020-05-06,train,0.00240888477628,0.566430874652,0.000566430874652,0.00150656046771,0.508640935205,0.000508640935205
2020-05-07,train,-0.0003015953964,0.580424874907,0.000580424874907,2.60485462793e-05,0.524132175017,0.000524132175017
2020-05-08,train,-0.000990150178168,0.599262631538,0.000599262631538,-0.00099389880057,0.543237394977,0.000543237394977
2020-05-11,train,0.000544868318256,0.51833630654,0.00051833630654,0.000393866221851,0.495091602616,0.000495091602616
2020-05-12,train,0.000983701207202,0.562383142215,0.000562383142215,-0.000495874186999,0.501278332101,0.000501278332101
2020-05-13,train,-0.00370185200754,0.54040230524,0.00054040230524,-0.00367113436959,0.499262988918,0.000499262988918
2020-05-14,train,-0.003736647248,0.500488053496,0.000500488053496,-0.00348692045842,0.45217609811,0.00045217609811
2020-05-15,train,-0.000240986131818,0.567225367405,0.000567225367405,0.000528884964781,0.49726909417,0.00049726909417
2020-05-18,train,-0.0028493930426,0.533853053234,0.000533853053234,-0.00233700626667,0.458806185453,0.000458806185453
2020-05-19,train,-0.00445897924101,0.530397816515,0.000530397816515,-0.00509426667357,0.4695988085,0.0004695988085
2020-05-20,train,0.00205190177916,0.528553833905,0.000528553833905,0.0035995059442,0.421789196969,0.000421789196968
2020-05-21,train,0.000827129090034,0.548057385021,0.000548057385021,0.00291236784511,0.446406774788,0.000446406774788
2020-05-22,train,0.000453110399804,0.49929941803,0.00049929941803,0.00170828392015,0.414421636268,0.000414421636268
2020-05-25,train,0.00139423837281,0.554349248829,0.000554349248829,-1.0419911386e-05,0.467373536756,0.000467373536756
2020-05-26,train,-0.0028922694379,0.518588756471,0.000518588756471,-0.0028399722238,0.441847823956,0.000441847823956
2020-05-27,train,-0.00177148368437,0.484313216393,0.000484313216393,0.000761993315554,0.437577724173,0.000437577724173
2020-05-28,train,-9.57099993886e-05,0.574893024817,0.000574893024817,-0.00106721664578,0.496526850212,0.000496526850212
2020-05-29,train,0.0026815945733,0.601837290991,0.000601837290991,0.0010574393644,0.529338733002,0.000529338733002
2020-06-01,train,0.00319685084429,0.554371655907,0.000554371655907,0.00216943183927,0.495877529598,0.000495877529598
2020-06-02,train,0.00476918227772,0.573408375969,0.000573408375969,0.00390903696184,0.516390991259,0.000516390991259
2020-06-03,train,-0.00267407137866,0.601738947928,0.000601738947928,-0.00242660426533,0.542826053784,0.000542826053784
2020-06-04,train,0.00133677366959,0.561965643146,0.000561965643146,0.000987566505537,0.470101044004,0.000470101044004
2020-06-05,train,0.0047917972899,0.622257298323,0.000622257298323,0.00510766089565,0.523027098786,0.000523027098786
2020-06-08,train,-0.000472081870249,0.55850580867,0.00055850580867,1.12063694646e-05,0.473414510724,0.000473414510724
2020-06-09,train,0.000279465875252,0.504265110901,0.000504265110901,0.000331074769271,0.462706801172,0.000462706801172
2020-06-10,train,-0.000345672384696,0.53831626239,0.00053831626239,-0.00118793498287,0.475589074709,0.000475589074709
2020-06-11,train,-0.00274649832609,0.487806206207,0.000487806206207,-0.00268024052869,0.43176774313,0.00043176774313
2020-06-12,train,0.00125965424194,0.586897193018,0.000586897193018,0.000432921102597,0.519371385625,0.000519371385625
2020-06-15,train,0.00312634253129,0.562005419788,0.000562005419788,0.00222859100486,0.491987694117,0.000491987694117
2020-06-16,train,0.00127157119594,0.559942867995,0.000559942867995,0.0013216606353,0.487629089324,0.000487629089324
2020-06-17,train,0.00277824268655,0.56196030406,0.00056196030406,0.00326036592724,0.496432939166,0.000496432939166
2020-06-18,train,0.00523699400541,0.553866604481,0.000553866604481,0.00521441258715,0.497301476226,0.000497301476226
2020-06-19,train,0.00541513628116,0.563615902483,0.000563615902483,0.00437561987049,0.4919944758,0.0004919944758
2020-06-22,train,0.000232257926285,0.553480696813,0.000553480696813,0.000187621065152,0.505545891077,0.000505545891077
2020-06-23,train,-0.00132619944541,0.589739488137,0.000589739488137,-0.00119905867055,0.535912605511,0.000535912605511
2020-06-24,train,0.000454941448408,0.604258404076,0.000604258404076,0.000160624827369,0.536602378883,0.000536602378883
2020-06-29,train,-5.24437512746e-05,0.571341289401,0.000571341289401,-0.000934241512144,0.488948433482,0.000488948433482
2020-06-30,train,-0.000511177623021,0.553944997406,0.000553944997406,-0.000526157840855,0.46081432442,0.00046081432442
2020-07-01,train,0.00328869309248,0.536265449606,0.000536265449606,0.00390079832568,0.466970963214,0.000466970963214
2020-07-02,train,0.00505743133741,0.495882214461,0.000495882214461,0.00656036759719,0.416700666472,0.000416700666472
2020-07-03,train,0.000738106986727,0.575816146734,0.000575816146734,0.00231426369579,0.476327990398,0.000476327990398
2020-07-06,train,0.000873799680586,0.612547636318,0.000612547636318,0.000141151345178,0.581223314502,0.000581223314502
2020-07-07,train,-0.00127123745443,0.700843981546,0.000700843981545,-0.00205575506623,0.640796885941,0.000640796885941
2020-07-08,train,-0.00108106006566,0.525869655446,0.000525869655446,-0.00229115058849,0.490673016703,0.000490673016703
2020-07-09,train,0.0073457729713,0.55299058941,0.00055299058941,0.00554453588451,0.498151556029,0.000498151556029
2020-07-10,train,0.00559435507136,0.560199913591,0.000560199913591,0.00432125995344,0.478850857221,0.000478850857221
2020-07-13,train,0.000904960264613,0.491553866669,0.000491553866669,0.00125533496536,0.453136685351,0.000453136685351
2020-07-14,train,0.00595337635611,0.513079649674,0.000513079649674,0.0073827363816,0.461706727387,0.000461706727387
2020-07-15,train,-0.00166336952479,0.500573002151,0.000500573002151,0.00131054382363,0.430102383907,0.000430102383907
2020-07-16,train,-0.00212830060601,0.525296097233,0.000525296097233,-0.000226272170164,0.440865664467,0.000440865664467
2020-07-17,train,-0.00349497802153,0.55676830825,0.00055676830825,-0.00177647125061,0.491676459162,0.000491676459161
2020-07-20,train,0.00267511030176,0.53025394646,0.00053025394646,0.00134896017507,0.4549553192,0.0004549553192
2020-07-21,train,0.0017774782452,0.478532104924,0.000478532104924,0.00120318152782,0.376476341974,0.000376476341974
2020-07-22,train,-0.00440977792688,0.503093047265,0.000503093047264,-0.00400264358037,0.448866748795,0.000448866748795
2020-07-23,train,-0.00604346868592,0.503390382671,0.000503390382671,-0.00432014794064,0.43756819615,0.00043756819615
2020-07-24,train,-0.00264222462467,0.536666371317,0.000536666371316,-0.00146474645237,0.474163819361,0.000474163819361
2020-07-27,train,0.00528340738265,0.519502319471,0.000519502319471,0.00453028135776,0.437843562638,0.000437843562638
2020-07-28,train,0.00255495823332,0.459588126056,0.000459588126056,0.0012585048455,0.379714980869,0.000379714980869
2020-07-29,train,-0.00395810522313,0.507027626986,0.000507027626986,-0.00352401428571,0.4159013559,0.0004159013559
2020-07-30,train,-0.000644704651151,0.507548697844,0.000507548697844,-0.00133488372857,0.419876576109,0.000419876576109
2020-07-31,train,-0.00265810075617,0.486238579143,0.000486238579143,-0.00365398468808,0.420144091726,0.000420144091726
2020-08-03,train,0.00232957713569,0.539986623949,0.000539986623949,0.0024113967837,0.436130502746,0.000436130502745
2020-08-04,train,0.00137230455328,0.559306038104,0.000559306038104,0.00158717836208,0.466751390027,0.000466751390027
2020-08-05,train,-0.00121576222706,0.520546207078,0.000520546207078,-0.00075392374403,0.418242678126,0.000418242678126
2020-08-06,train,-0.00244845183623,0.513665662622,0.000513665662622,-0.00234292948414,0.454005326561,0.000454005326561
2020-08-07,train,0.00581947998485,0.544135618485,0.000544135618485,0.00673972888883,0.452058265178,0.000452058265178
2020-08-10,train,0.00116754781168,0.500311230263,0.000500311230263,0.0013162391401,0.40627843163,0.000406278431629
2020-08-11,train,0.00312472473793,0.540960432665,0.000540960432665,0.00501509718583,0.452440612004,0.000452440612004
2020-08-12,train,0.0019853921417,0.568515232277,0.000568515232277,0.00168025688488,0.468682271671,0.000468682271671
2020-08-13,train,0.00331360876762,0.506732307171,0.000506732307171,0.00340240906869,0.452340378078,0.000452340378078
2020-08-14,train,0.00675725224774,0.478064184026,0.000478064184026,0.00596928398972,0.390733327274,0.000390733327274
2020-08-17,train,7.8574369388e-05,0.548001493106,0.000548001493106,-0.000920627077046,0.437573523105,0.000437573523105
2020-08-18,train,-0.00269895350691,0.548277949339,0.000548277949339,-0.00118619012274,0.477495659477,0.000477495659477
2020-08-19,train,0.00139598359487,0.555237870837,0.000555237870837,0.00314302260212,0.478558037804,0.000478558037804
2020-08-20,train,0.00606523118866,0.554778864082,0.000554778864082,0.00533017033896,0.475916236403,0.000475916236403
2020-08-21,train,0.00305324816602,0.596124309631,0.000596124309631,0.00275515069245,0.520382028457,0.000520382028457
2020-08-24,train,0.0073695412085,0.505697435596,0.000505697435596,0.00680864738793,0.405720842756,0.000405720842756
2020-08-25,train,0.00018743735074,0.48868344579,0.00048868344579,0.00151367913896,0.400027210661,0.000400027210661
2020-08-26,train,-0.001951583565,0.609847437174,0.000609847437174,-0.00139463254617,0.496920738678,0.000496920738678
2020-08-27,train,0.00473486958419,0.58904716452,0.00058904716452,0.0043505932692,0.507934881931,0.000507934881931
2020-08-28,train,0.00367742173217,0.480887863054,0.000480887863054,0.00250300508243,0.395845355969,0.000395845355969
2020-08-31,train,-0.00587990209226,0.503202157181,0.000503202157181,-0.00515960643095,0.431720295679,0.000431720295679
2020-09-01,train,-0.0148648697758,0.499118915544,0.000499118915544,-0.0132224955741,0.423086201661,0.000423086201661
2020-09-02,train,-0.000954127960986,0.567436911057,0.000567436911057,-0.000279641490483,0.491838691449,0.000491838691449
2020-09-03,train,-0.00283732789058,0.481728251959,0.000481728251959,-0.00244997489488,0.430250566601,0.0004302505666
2020-09-04,train,-0.00849760440969,0.521442381735,0.000521442381735,-0.00777361546908,0.438342100209,0.000438342100209
2020-09-07,train,-0.00794703015238,0.515696207455,0.000515696207455,-0.00546489060718,0.418206815355,0.000418206815355
2020-09-08,train,-0.00978752601898,0.495855459754,0.000495855459754,-0.00621969318072,0.433884021517,0.000433884021517
2020-09-09,train,0.0290396675657,0.5193622902,0.000519362290199,0.0277620408785,0.443389108109,0.000443389108109
2020-09-10,train,0.0129509776179,0.518616181765,0.000518616181765,0.0117972081452,0.442212929255,0.000442212929255
2020-09-11,train,-0.014253963502,0.503337332477,0.000503337332477,-0.0154964604272,0.426808947806,0.000426808947806
2020-09-14,train,-0.00197825854215,0.484497412579,0.000484497412579,-0.00334652554509,0.409847938616,0.000409847938616
2020-09-15,train,0.00292106169297,0.468922295041,0.00046892229504,0.00331381503109,0.401081701234,0.000401081701234
2020-09-16,train,-0.000314051792436,0.516434375886,0.000516434375886,-0.000184345918852,0.440695621475,0.000440695621475
2020-09-17,train,0.00816196166876,0.548186381344,0.000548186381344,0.00696674736888,0.452901100175,0.000452901100175
2020-09-18,train,0.0033697537568,0.558094961935,0.000558094961935,0.00202438062225,0.463675520734,0.000463675520734
2020-09-21,train,0.0020758017162,0.521467256473,0.000521467256472,0.00249520784674,0.427409404053,0.000427409404053
2020-09-22,train,-0.000722933644741,0.602059129981,0.000602059129981,-0.000906493635056,0.503041112237,0.000503041112237
2020-09-23,train,0.000641280518338,0.644325087446,0.000644325087446,0.0010617987187,0.533682714979,0.000533682714979
2020-09-24,train,0.000411219491434,0.649714639834,0.000649714639834,0.000730801384723,0.53241344863,0.00053241344863
2020-09-25,train,0.000626055029129,0.567436734834,0.000567436734834,0.00144260306237,0.453923989354,0.000453923989354
2020-09-28,train,0.00620314525974,0.514839537848,0.000514839537848,0.0056460336837,0.402428284564,0.000402428284564
2020-09-29,train,0.000421543313399,0.504477383218,0.000504477383217,8.77190580559e-05,0.406862602635,0.000406862602635
2020-09-30,train,-0.000798940065583,0.568277628307,0.000568277628307,-0.00248997338435,0.464836790148,0.000464836790148
2020-10-09,train,0.00199808355052,0.552929102259,0.000552929102259,-0.000252351696857,0.461361964344,0.000461361964344
2020-10-12,train,0.00174483683253,0.543632030615,0.000543632030615,0.000114811535574,0.461697413702,0.000461697413702
2020-10-13,train,-0.00218272838862,0.539219682758,0.000539219682758,-0.00188094420869,0.456270085709,0.000456270085709
2020-10-14,train,0.00103536830419,0.648352420738,0.000648352420738,0.00222365933181,0.538646865927,0.000538646865927
2020-10-15,train,-0.000555403956813,0.598411176047,0.000598411176047,0.000201530086513,0.517605780679,0.000517605780679
2020-10-16,train,0.00287607864536,0.534270265602,0.000534270265602,0.00258658912969,0.456475034239,0.000456475034239
2020-10-19,train,-0.00103271394346,0.568691515703,0.000568691515703,-0.000800587638577,0.469794089898,0.000469794089898
2020-10-20,train,-0.00349386527046,0.500317972497,0.000500317972497,-0.00315088062138,0.410741464479,0.000410741464479
2020-10-21,train,0.00280499015129,0.521676224472,0.000521676224472,0.00358291724595,0.418767048284,0.000418767048284
2020-10-22,train,0.000551501004186,0.631793026282,0.000631793026282,0.00118525872272,0.513860200721,0.00051386020072
2020-10-23,train,-0.00155087575005,0.562898366596,0.000562898366596,-0.00156926282592,0.502415663093,0.000502415663093
2020-10-26,train,7.53921248423e-05,0.614296644959,0.000614296644959,-0.00126640302668,0.507463125466,0.000507463125466
2020-10-27,train,-0.000972391467153,0.525437508106,0.000525437508106,-0.000325506084954,0.428551505167,0.000428551505167
2020-10-28,train,-0.00096534312006,0.555012441017,0.000555012441017,-0.00145981011056,0.468829542224,0.000468829542224
2020-10-29,train,-0.00360038385305,0.551094265617,0.000551094265617,-0.00234615702656,0.494353288246,0.000494353288246
2020-10-30,train,-0.00943981412304,0.575317404486,0.000575317404486,-0.00799071413961,0.486250755185,0.000486250755185
2020-11-02,train,0.00504045413757,0.568587531799,0.000568587531799,0.00361922552238,0.486596778685,0.000486596778685
2020-11-03,train,0.0012999706119,0.512806989746,0.000512806989746,0.00157309624705,0.419432431099,0.000419432431099
2020-11-04,train,-0.000195144562163,0.494755061682,0.000494755061682,-0.000192273477704,0.433177121726,0.000433177121726
2020-11-05,train,-0.00207810542845,0.58932502947,0.00058932502947,-0.000645056324861,0.508603347695,0.000508603347695
2020-11-06,train,0.00491798256701,0.556090669391,0.000556090669391,0.00470514793662,0.43787086436,0.00043787086436
2020-11-09,train,0.00538343676208,0.537452958229,0.000537452958229,0.00624858222627,0.47736779139,0.00047736779139
2020-11-10,train,-0.0040019317169,0.548653702987,0.000548653702987,-0.00178328727851,0.473415205057,0.000473415205057
2020-11-11,train,-0.00442564674867,0.529904632638,0.000529904632638,-0.00295376241253,0.466910486557,0.000466910486557
2020-11-12,train,-0.0038595816564,0.579265219753,0.000579265219753,-0.00455607269177,0.492632102223,0.000492632102223
2020-11-13,train,-0.00569404225664,0.511399609739,0.000511399609739,-0.00375654368624,0.428227948695,0.000428227948695
2020-11-16,train,-0.00802752222683,0.50188381698,0.00050188381698,-0.00537276322631,0.460304971145,0.000460304971145
2020-11-17,train,0.00398406390924,0.535282347804,0.000535282347804,0.00301234005052,0.452801118337,0.000452801118337
2020-11-18,train,0.00153394226581,0.479730410843,0.000479730410843,0.000242873856065,0.424885041182,0.000424885041182
2020-11-19,train,0.00247733769399,0.549974287632,0.000549974287632,0.00169168320534,0.490535191788,0.000490535191788
2020-11-20,train,-0.00852519559659,0.53012556354,0.00053012556354,-0.00698876761231,0.482021689755,0.000482021689755
2020-11-23,train,0.00130487217554,0.521383803036,0.000521383803036,0.000936210208928,0.47988457734,0.00047988457734
2020-11-24,train,-0.00371979560332,0.520900524543,0.000520900524543,-0.00288859774746,0.47538039357,0.00047538039357
2020-11-25,train,0.00248914605762,0.527082513907,0.000527082513907,0.0030229838684,0.450836320351,0.000450836320351
2020-11-26,train,0.000827799830234,0.591905334994,0.000591905334994,0.00165121251039,0.49554684951,0.00049554684951
2020-11-27,train,0.00187782675225,0.551473932639,0.000551473932639,0.00278853086895,0.451469165119,0.000451469165119
2020-11-30,train,0.0083546543511,0.48650940861,0.00048650940861,0.00679395317456,0.42279159049,0.00042279159049
2020-12-01,train,0.000541912237088,0.562923111977,0.000562923111977,0.000902732231592,0.457876604076,0.000457876604076
2020-12-02,train,0.0025992269196,0.558620749496,0.000558620749496,0.00317660209872,0.488324398879,0.000488324398879
2020-12-03,train,-0.000673263435322,0.60165194977,0.00060165194977,-0.000866167795083,0.525044385984,0.000525044385984
2020-12-04,train,-0.00256296913806,0.557400188873,0.000557400188873,-0.00275730662156,0.466895073072,0.000466895073072
2020-12-07,train,-0.00128482992489,0.563774781517,0.000563774781517,-0.00178159117476,0.486813840161,0.00048681384016
2020-12-08,train,-0.0044436538126,0.519731745944,0.000519731745944,-0.00445098194124,0.443952406082,0.000443952406082
2020-12-09,train,-0.00225405887955,0.498959026407,0.000498959026407,-0.00197297693637,0.444606702413,0.000444606702413
2020-12-10,train,-0.00385068976709,0.519793277363,0.000519793277363,-0.00375076053024,0.450631120499,0.000450631120499
2020-12-11,train,0.00191802457302,0.503999420854,0.000503999420854,0.000936469061372,0.430358094488,0.000430358094488
2020-12-14,train,0.00371257487082,0.558774293372,0.000558774293372,0.00346610866015,0.47325554263,0.00047325554263
2020-12-15,train,-0.00216327313034,0.559124665494,0.000559124665494,-0.00158732398837,0.43602157578,0.00043602157578
2020-12-16,train,0.00108414682711,0.589908449709,0.000589908449709,0.000900439922257,0.481962437943,0.000481962437943
2020-12-17,train,0.000603106755496,0.553988667581,0.000553988667581,0.000474686747371,0.456456229363,0.000456456229363
2020-12-18,train,-0.00347787278148,0.581472306971,0.000581472306971,-0.00382488289487,0.471548412023,0.000471548412023
2020-12-21,train,-0.00487185086543,0.52794526331,0.00052794526331,-0.00490569188162,0.420615954053,0.000420615954053
2020-12-22,train,-0.00464347447892,0.510599813559,0.000510599813559,-0.00476739184149,0.453480430421,0.000453480430421
2020-12-23,train,-0.00255830247251,0.537658362688,0.000537658362688,-0.00177980641323,0.442096525679,0.000442096525679
2020-12-24,train,-0.000230997516449,0.522458088198,0.000522458088198,5.42373139876e-05,0.461572246521,0.000461572246521
2020-12-25,train,-0.00943714248198,0.473010381547,0.000473010381547,-0.00911525922347,0.409342350247,0.000409342350247
2020-12-28,train,0.00696873472443,0.519198561702,0.000519198561701,0.00767535198662,0.429777567309,0.000429777567308
2020-12-29,train,-0.000757445887815,0.517530633774,0.000517530633774,-0.000123531286188,0.44984747559,0.00044984747559
2021-01-11,validation,-0.00360399239359,2,0.002,-0.00346659720468,2,0.002
2021-01-12,validation,-0.0077198402497,0.758040600576,0.000758040600576,-0.00792894054696,0.753997840337,0.000753997840337
2021-01-13,validation,0.00100168333974,0.692935369092,0.000692935369092,0.00259601071679,0.711657790472,0.000711657790472
2021-01-14,validation,0.0144422033064,0.698378168942,0.000698378168942,0.0142409478489,0.707728227527,0.000707728227527
2021-01-15,validation,0.00271645319478,0.698371149339,0.000698371149339,0.00138366997925,0.666845877241,0.00066684587724
2021-01-18,validation,0.00583631710975,0.705136706585,0.000705136706585,0.00524950741869,0.686731568269,0.000686731568269
2021-01-19,validation,0.00265395317604,0.700173980042,0.000700173980042,0.0023257517983,0.688994803842,0.000688994803842
2021-01-20,validation,0.00280768388954,0.692073193624,0.000692073193624,0.00195623193062,0.696759176662,0.000696759176662
2021-01-21,validation,-0.00166803930417,0.565922048149,0.000565922048149,-0.00169126968227,0.57103110022,0.00057103110022
2021-01-22,validation,-0.00173260648804,0.613014008546,0.000613014008546,-0.00248858642318,0.618831693932,0.000618831693932
2021-01-25,validation,-0.00017198991479,0.544409762231,0.000544409762231,0.000312753592738,0.554357300792,0.000554357300792
2021-01-26,validation,-0.0016809898772,0.539691275863,0.000539691275863,-0.000309331584231,0.516473380579,0.000516473380579
2021-01-27,validation,0.00305259400608,0.539178326913,0.000539178326913,0.00269750471551,0.521312387139,0.000521312387139
2021-01-28,validation,-0.00303108490816,0.508270516171,0.000508270516171,-0.00115084448233,0.49553072387,0.00049553072387
2021-01-29,validation,-0.00283108241671,0.521550724081,0.000521550724081,-0.00313215781619,0.487385887384,0.000487385887384
2021-02-01,validation,-0.0012030271417,0.554322925692,0.000554322925692,-0.00214482735959,0.510766641144,0.000510766641144
2021-02-02,validation,-0.00842529026225,0.507648960996,0.000507648960996,-0.00845269140446,0.455085243129,0.000455085243129
2021-02-03,validation,-0.00916243906382,0.500117071672,0.000500117071672,-0.0081743838044,0.463458288056,0.000463458288056
2021-02-04,validation,0.00258366458941,0.550951173693,0.000550951173693,0.00420952137281,0.482207677191,0.000482207677191
2021-02-05,validation,-0.000524646267726,0.530310716343,0.000530310716342,0.0022592206539,0.452599940761,0.000452599940761
2021-02-08,validation,-0.00173559293661,0.46723454561,0.00046723454561,-0.00337347719452,0.42871633837,0.00042871633837
2021-02-09,validation,0.00450021577671,0.507686185681,0.000507686185681,0.0043358099731,0.451902250459,0.000451902250459
2021-02-10,validation,0.00841771150662,0.523660168924,0.000523660168924,0.00748543263104,0.489400189732,0.000489400189732
2021-02-18,validation,0.00840796537222,0.533677639471,0.000533677639471,0.00879435767507,0.512840069304,0.000512840069304
2021-02-19,validation,0.00676121595567,0.601551988242,0.000601551988241,0.00597655024309,0.522123348305,0.000522123348305
2021-02-22,validation,-0.00437418292319,0.540961755705,0.000540961755705,-0.00323418877621,0.495014848604,0.000495014848604
2021-02-23,validation,0.00119133979926,0.635282541026,0.000635282541026,0.00145089818033,0.565797272723,0.000565797272723
2021-02-24,validation,-0.00402074759707,0.536550975377,0.000536550975377,-0.00284447693332,0.480248738502,0.000480248738502
2021-02-25,validation,0.00276320085218,0.542482953045,0.000542482953045,0.0035492665444,0.486274526761,0.00048627452676
2021-02-26,validation,0.00323928925597,0.524620083912,0.000524620083912,0.00223876925173,0.465463930618,0.000465463930618
2021-03-01,validation,0.00146340518344,0.516530917415,0.000516530917415,0.000831716535971,0.45837825392,0.00045837825392
2021-03-02,validation,-0.00145649455018,0.50266998604,0.00050266998604,-0.00140818385033,0.436508807987,0.000436508807987
2021-03-03,validation,-0.00293148744199,0.544618443415,0.000544618443414,-0.00191984087736,0.463416452108,0.000463416452108
2021-03-04,validation,0.0050074130621,0.613457108761,0.000613457108761,0.00496334592584,0.547615064459,0.000547615064458
2021-03-05,validation,-0.00248583881612,0.553306080185,0.000553306080185,-0.00157224950848,0.496810800946,0.000496810800946
2021-03-08,validation,-0.000948010141625,0.582102475253,0.000582102475253,0.00180554345316,0.513183336321,0.000513183336321
2021-03-09,validation,-0.00203602881059,0.532630819047,0.000532630819047,-0.00180738407745,0.478902485282,0.000478902485282
2021-03-10,validation,-0.000704319580915,0.545394776443,0.000545394776443,-0.00133801959746,0.489038564828,0.000489038564828
2021-03-11,validation,-0.00460664789614,0.530434388771,0.000530434388771,-0.00374085688083,0.473851414511,0.000473851414511
2021-03-12,validation,-0.00531681845785,0.473413247632,0.000473413247632,-0.00337684715653,0.42360844615,0.00042360844615
2021-03-15,validation,-0.000370490132638,0.54086464966,0.00054086464966,1.40365511393e-06,0.459045783698,0.000459045783698
2021-03-16,validation,0.00491782019778,0.463130381248,0.000463130381248,0.00335708400555,0.406864748484,0.000406864748484
2021-03-17,validation,0.000819091052161,0.524567963985,0.000524567963985,0.00064696426363,0.468435404831,0.000468435404831
2021-03-18,validation,0.000608776360981,0.468967115583,0.000468967115582,0.000621878109181,0.395543576775,0.000395543576775
2021-03-19,validation,-0.00572745849592,0.531759237735,0.000531759237735,-0.00504464947855,0.473850118358,0.000473850118358
2021-03-22,validation,0.00472196001514,0.510279811244,0.000510279811244,0.0055936314241,0.447805004232,0.000447805004232
2021-03-23,validation,-0.000213142893592,0.549096395703,0.000549096395703,0.00180604796248,0.480484765429,0.000480484765429
2021-03-24,validation,0.00439741023485,0.57079164314,0.00057079164314,0.0046768318497,0.505629561642,0.000505629561642
2021-03-25,validation,-0.00093462444962,0.506860738601,0.000506860738601,-0.00164572245101,0.437083543506,0.000437083543506
2021-03-26,validation,-0.00218256230561,0.531735293956,0.000531735293956,-0.00282311324254,0.450864470889,0.000450864470889
2021-03-29,validation,0.0016601704264,0.48065473812,0.000480654738119,0.00128000724414,0.434182391398,0.000434182391398
2021-03-30,validation,-0.00419808914064,0.476053301547,0.000476053301547,-0.0031032764925,0.411716573353,0.000411716573353
2021-03-31,validation,0.00267136269533,0.522054414949,0.000522054414949,0.00221724303023,0.441677376129,0.000441677376129
2021-04-01,validation,0.00466571065725,0.515527769336,0.000515527769336,0.00381354886734,0.453468530175,0.000453468530175
2021-04-02,validation,0.00764819843709,0.530930993603,0.000530930993603,0.0057285564227,0.449709320035,0.000449709320035
2021-04-06,validation,-0.00207364587141,0.527042759321,0.000527042759321,-0.00188134158186,0.472440168203,0.000472440168203
2021-04-07,validation,-0.000450769057568,0.553215531281,0.000553215531281,-0.00109162642813,0.477893673211,0.000477893673211
2021-04-08,validation,-0.00149678689073,0.554138139021,0.000554138139021,-0.000931092273822,0.496743900712,0.000496743900712
2021-04-09,validation,-0.00401595299593,0.593049027332,0.000593049027332,-0.00263552985439,0.502706033661,0.000502706033661
2021-04-12,validation,-0.000203026411248,0.52070485476,0.00052070485476,0.000545712642076,0.447928858345,0.000447928858345
2021-04-13,validation,0.00273218956655,0.528056826827,0.000528056826827,0.00282959527222,0.451522180651,0.000451522180651
2021-04-14,validation,0.00164194568819,0.551147836515,0.000551147836515,0.00136347495221,0.457463594326,0.000457463594326
2021-04-15,validation,0.00640148841673,0.499335223382,0.000499335223382,0.00615771589369,0.437814250677,0.000437814250677
2021-04-16,validation,0.00590673150912,0.5331835094,0.0005331835094,0.00474868794264,0.447985173777,0.000447985173777
2021-04-19,validation,0.00400778035014,0.576712413438,0.000576712413438,0.00312584070313,0.508825556674,0.000508825556674
2021-04-20,validation,-0.00169845530473,0.622691980222,0.000622691980222,-0.00117982931353,0.529207998004,0.000529207998004
2021-04-21,validation,0.000480463864923,0.639774275701,0.000639774275701,3.36340963497e-05,0.549696059362,0.000549696059362
2021-04-22,validation,-5.14399624007e-05,0.563590864113,0.000563590864113,-0.000398902564603,0.468044899055,0.000468044899055
2021-04-23,validation,0.00142801738049,0.550005188034,0.000550005188034,0.0012101002,0.467398777217,0.000467398777217
2021-04-26,validation,-0.00104946526707,0.539368857428,0.000539368857428,-6.35164852181e-05,0.450636322399,0.000450636322399
2021-04-27,validation,-0.00492793373239,0.51212009738,0.000512120097379,-0.00449033244135,0.44146909329,0.00044146909329
2021-04-28,validation,0.000518747248056,0.521051587863,0.000521051587863,0.00144935534911,0.433271239255,0.000433271239255
2021-04-29,validation,-0.00425083379664,0.544471240959,0.000544471240959,-0.00358782877636,0.465751977429,0.000465751977429
2021-04-30,validation,-0.000368281313844,0.526359131736,0.000526359131736,-0.00042855987747,0.430929469621,0.000430929469621
2021-05-06,validation,0.00352140575393,0.536257835534,0.000536257835534,0.00265931430933,0.449577252148,0.000449577252148
2021-05-07,validation,-0.00156471745691,0.545465793122,0.000545465793122,-0.00168412691698,0.447687017174,0.000447687017174
2021-05-10,validation,-0.00193801685014,0.546711420421,0.000546711420421,-0.00164726983125,0.468378396287,0.000468378396287
2021-05-11,validation,-0.00385518786539,0.559411008762,0.000559411008762,-0.00437525020987,0.479161033279,0.000479161033279
2021-05-12,validation,0.000278039166531,0.499486698161,0.000499486698161,-0.000589518282496,0.415148094854,0.000415148094854
2021-05-13,validation,0.00281932008594,0.519615345559,0.000519615345559,0.00289494602977,0.410393002381,0.000410393002381
2021-05-14,validation,0.00314695492201,0.562542583359,0.000562542583359,0.00380772519851,0.470943687443,0.000470943687443
2021-05-17,validation,-0.00254383401183,0.583390563135,0.000583390563135,-0.00299094110745,0.486953502422,0.000486953502422
2021-05-18,validation,-0.00186397922137,0.607890935228,0.000607890935228,-0.00223908550965,0.517724768957,0.000517724768957
2021-05-19,validation,-0.00247649691028,0.552965104951,0.000552965104951,-0.00116408925193,0.480048276058,0.000480048276058
2021-05-20,validation,0.00406518503876,0.554442893142,0.000554442893142,0.00260468083524,0.456999578946,0.000456999578946
2021-05-21,validation,-0.00018894386395,0.540340622474,0.000540340622474,0.000402131925133,0.460625074494,0.000460625074494
2021-05-24,validation,-0.00153037481444,0.594885469882,0.000594885469882,-0.00184897266923,0.487288115065,0.000487288115065
2021-05-25,validation,0.00382765219585,0.547303127664,0.000547303127664,0.00260166507119,0.451027358244,0.000451027358244
2021-05-26,validation,0.00229703573157,0.526117705136,0.000526117705136,0.00153607001843,0.441066606391,0.00044106660639
2021-05-27,validation,-0.00205116007081,0.578116071722,0.000578116071722,-0.00263744676539,0.476268441562,0.000476268441562
2021-05-28,validation,7.84959604387e-05,0.56520513072,0.00056520513072,-0.000906639808061,0.460498247707,0.000460498247707
2021-05-31,validation,-0.000202261286373,0.58234402646,0.00058234402646,-0.000337332134537,0.510980565975,0.000510980565975
2021-06-01,validation,0.00032529539436,0.53107864918,0.00053107864918,0.00038018614234,0.462452203419,0.000462452203419
2021-06-02,validation,0.00235091809583,0.538771921083,0.000538771921083,0.00317279695739,0.426365127913,0.000426365127913
2021-06-03,validation,-0.00171694798201,0.538419445491,0.000538419445491,-0.00111848264993,0.451998328992,0.000451998328992
2021-06-04,validation,1.72525919258e-06,0.577628074731,0.000577628074731,-0.000566813213489,0.472889060901,0.000472889060901
2021-06-07,validation,0.00159449699211,0.483964442453,0.000483964442453,0.00152903673837,0.410375487913,0.000410375487913
2021-06-08,validation,0.00518059843748,0.537224755494,0.000537224755494,0.00470436769637,0.456507564742,0.000456507564742
2021-06-09,validation,-0.000746251963608,0.526918206357,0.000526918206357,-0.000828244808341,0.415756179131,0.000415756179131
2021-06-10,validation,0.00171424508797,0.49547658212,0.00049547658212,0.00244998680189,0.409842409973,0.000409842409973
2021-06-11,validation,-0.0039373044095,0.517958784949,0.000517958784949,-0.00366054429213,0.401714063937,0.000401714063937
2021-06-15,validation,0.000775147509345,0.590864885581,0.000590864885581,0.00137391028307,0.4756367571,0.0004756367571
2021-06-16,validation,0.00126210869426,0.536064020037,0.000536064020037,-0.00011862392914,0.429270546872,0.000429270546872
2021-06-17,validation,-0.00350115237526,0.504720115548,0.000504720115548,-0.00550448867584,0.401077509294,0.000401077509294
2021-06-18,validation,0.00140360035095,0.508639753501,0.000508639753501,8.74050375189e-05,0.406137602279,0.000406137602279
2021-06-21,validation,0.00167558741996,0.493339607045,0.000493339607045,0.00206211307339,0.402256476817,0.000402256476817
2021-06-22,validation,0.00085217674603,0.525799752,0.000525799752,-0.000281379740867,0.458049698665,0.000458049698665
2021-06-23,validation,-0.00100680111861,0.576031506187,0.000576031506187,0.000183786268931,0.481901529223,0.000481901529223
2021-06-24,validation,0.00336507783125,0.530999917949,0.000530999917949,0.00382776465045,0.428737617748,0.000428737617748
2021-06-25,validation,0.00158771065311,0.550146907343,0.000550146907343,-2.79609037076e-05,0.438396731372,0.000438396731372
2021-06-28,validation,0.000907308240682,0.553145277412,0.000553145277412,8.25542109799e-05,0.471050864107,0.000471050864107
2021-07-08,research_holdout,0.0021738088681,2,0.002,0.00247330688561,2,0.002
2021-07-09,research_holdout,0.00247342532451,0.742958834629,0.000742958834629,0.00216642387579,0.715516110781,0.000715516110781
2021-07-12,research_holdout,0.000967468340783,0.797130115678,0.000797130115678,0.000782962325682,0.78612498149,0.00078612498149
2021-07-13,research_holdout,0.00175512045566,0.765274425627,0.000765274425627,0.00207980591429,0.758049071295,0.000758049071295
2021-07-14,research_holdout,-0.00285133251802,0.720485246739,0.000720485246739,-0.00183092653059,0.69954013749,0.00069954013749
2021-07-15,research_holdout,-0.00642354163011,0.731556531908,0.000731556531908,-0.00707732805244,0.714803418308,0.000714803418308
2021-07-16,research_holdout,-0.00585718792547,0.615446638477,0.000615446638477,-0.00563699751709,0.629930138346,0.000629930138345
2021-07-19,research_holdout,0.0017378143672,0.55603535054,0.00055603535054,0.00125665414366,0.5732852475,0.0005732852475
2021-07-20,research_holdout,0.000128494021794,0.542043541165,0.000542043541165,-0.00171699757207,0.567009585247,0.000567009585247
2021-07-21,research_holdout,-0.000657602624289,0.555778062976,0.000555778062976,-0.000909707471832,0.570156092559,0.000570156092558
2021-07-22,research_holdout,-0.00460867911966,0.564067620333,0.000564067620333,-0.00362564494707,0.584895184202,0.000584895184202
2021-07-23,research_holdout,-0.00696457037275,0.574100275025,0.000574100275025,-0.00552584995816,0.588249591917,0.000588249591917
2021-07-26,research_holdout,0.000184164822995,0.570109317703,0.000570109317703,0.000189713368418,0.573919730733,0.000573919730733
2021-07-27,research_holdout,0.0069707504245,0.497020555648,0.000497020555648,0.00947110603003,0.495796079515,0.000495796079514
2021-07-28,research_holdout,-0.00765780732245,0.513611575196,0.000513611575196,-0.00984490208896,0.504520493811,0.000504520493811
2021-07-29,research_holdout,-0.00851178082309,0.526330673194,0.000526330673194,-0.00911392261747,0.525953175896,0.000525953175896
2021-07-30,research_holdout,0.00203060414855,0.535283056386,0.000535283056386,0.00223084209137,0.507442503525,0.000507442503525
2021-08-02,research_holdout,0.0103612033088,0.523356980984,0.000523356980984,0.0111723649286,0.477129151722,0.000477129151722
2021-08-03,research_holdout,-0.000454316322941,0.49723707386,0.00049723707386,-0.00144433377979,0.480792919241,0.000480792919241
2021-08-04,research_holdout,-0.0017431477449,0.584838736453,0.000584838736453,-0.00269999118843,0.560416642786,0.000560416642786
2021-08-05,research_holdout,0.00129469577013,0.524098310347,0.000524098310347,0.00071106327583,0.522401469605,0.000522401469605
2021-08-06,research_holdout,0.00455464913237,0.494205868175,0.000494205868175,0.00612912328675,0.456478507445,0.000456478507445
2021-08-09,research_holdout,0.00367271649564,0.525984524456,0.000525984524456,0.00279730491328,0.467123683058,0.000467123683058
2021-08-10,research_holdout,0.00372293488456,0.496986290716,0.000496986290716,0.00423004251904,0.453182207788,0.000453182207788
2021-08-11,research_holdout,0.000869156109044,0.565913167129,0.000565913167129,-0.000530783300265,0.494358694835,0.000494358694835
2021-08-12,research_holdout,-0.000377432635123,0.539466991061,0.000539466991061,-0.00029259884711,0.524753111508,0.000524753111508
2021-08-13,research_holdout,0.000655530039136,0.528756899135,0.000528756899135,0.00267713022988,0.473288229789,0.000473288229789
2021-08-16,research_holdout,0.000314732237787,0.521059142953,0.000521059142953,0.00202508905283,0.472933152417,0.000472933152417
2021-08-17,research_holdout,0.0012102459498,0.497295809271,0.000497295809271,0.00181173974383,0.453656255379,0.000453656255379
2021-08-18,research_holdout,0.000371058425962,0.500667172874,0.000500667172874,-0.000186584471533,0.457196633032,0.000457196633032
2021-08-19,research_holdout,-0.00286618356154,0.450827259741,0.000450827259741,-0.00386736431692,0.392037349024,0.000392037349024
2021-08-20,research_holdout,0.00138363548207,0.498491313992,0.000498491313992,0.000134898367797,0.421214307891,0.000421214307891
2021-08-23,research_holdout,0.00371032893479,0.5191125791,0.0005191125791,0.00264528422954,0.475962295991,0.000475962295991
2021-08-24,research_holdout,-0.000349675158986,0.514568093909,0.000514568093909,0.0005474464346,0.444303057862,0.000444303057862
2021-08-25,research_holdout,-0.00573041124018,0.511786772666,0.000511786772666,-0.00596723883059,0.439186476193,0.000439186476193
2021-08-26,research_holdout,-0.0074931607796,0.543767654947,0.000543767654947,-0.00567875545305,0.48568045337,0.00048568045337
2021-08-27,research_holdout,-0.00141931564829,0.491910529745,0.000491910529745,-0.00260301050935,0.436890428716,0.000436890428716
2021-08-30,research_holdout,-0.00909103100138,0.542238875948,0.000542238875948,-0.00692466351537,0.485573851467,0.000485573851467
2021-08-31,research_holdout,0.00272909251239,0.482609774502,0.000482609774502,0.00558321198525,0.400356546866,0.000400356546866
2021-09-01,research_holdout,-0.00400377769746,0.493346496269,0.000493346496269,-0.00268384701415,0.411870136635,0.000411870136635
2021-09-02,research_holdout,0.00278294488737,0.484387465093,0.000484387465093,0.00325547723283,0.427558069418,0.000427558069417
2021-09-03,research_holdout,0.0132068061875,0.493177652947,0.000493177652947,0.0136953162034,0.442745683059,0.000442745683059
2021-09-06,research_holdout,-8.32252631434e-05,0.537576801547,0.000537576801547,-0.00125942129807,0.474772352794,0.000474772352794
2021-09-07,research_holdout,-0.00422039350944,0.478260200049,0.000478260200049,-0.00285396432135,0.42832509899,0.00042832509899
2021-09-08,research_holdout,-0.0074942272883,0.528848347621,0.000528848347621,-0.00542320169271,0.480089003463,0.000480089003463
2021-09-09,research_holdout,-0.00137807544152,0.514137546659,0.000514137546659,-0.00159740423829,0.467158531982,0.000467158531982
2021-09-10,research_holdout,-0.00635192164816,0.465283846541,0.000465283846541,-0.00603927262914,0.425837885918,0.000425837885918
2021-09-13,research_holdout,0.00258620040236,0.520923920069,0.000520923920069,-0.000105353459247,0.480214649115,0.000480214649115
2021-09-14,research_holdout,-0.00425826359079,0.413515735149,0.000413515735149,-0.00570798899905,0.382949205316,0.000382949205316
2021-09-15,research_holdout,-0.00612193043981,0.483582268465,0.000483582268465,-0.00444481482976,0.453645250429,0.000453645250429
2021-09-16,research_holdout,-0.000842096721632,0.51482725623,0.00051482725623,0.000365512745851,0.45781070893,0.00045781070893
2021-09-17,research_holdout,-0.00383591529269,0.510215423798,0.000510215423798,-0.00290998335759,0.445468772802,0.000445468772802
2021-09-22,research_holdout,0.00521685385182,0.522818012218,0.000522818012218,0.00631895318346,0.44153874478,0.00044153874478
2021-09-23,research_holdout,0.0082777675523,0.410530097955,0.000410530097955,0.00833892772536,0.365263845958,0.000365263845958
2021-09-24,research_holdout,0.0082668333238,0.538372304873,0.000538372304873,0.00837979012516,0.468581085979,0.000468581085979
2021-09-27,research_holdout,-0.00122730134995,0.499054657345,0.000499054657345,-0.000451405386225,0.452408537983,0.000452408537983
2021-09-28,research_holdout,-0.00375622114305,0.518741073839,0.000518741073839,-0.00182413101789,0.471932372575,0.000471932372575
2021-09-29,research_holdout,-0.000150576863742,0.485202895159,0.000485202895159,-0.00108291724857,0.429084808698,0.000429084808698
2021-09-30,research_holdout,0.00307270602128,0.457968573692,0.000457968573692,0.00458497526509,0.401518913081,0.000401518913081
2021-10-08,research_holdout,0.00546120131717,0.474877583336,0.000474877583336,0.00745253054584,0.400030755749,0.000400030755749
2021-10-11,research_holdout,-0.00150499520441,0.452829099536,0.000452829099536,0.00055714974227,0.383051651196,0.000383051651196
2021-10-12,research_holdout,0.00715221380841,0.49065548256,0.00049065548256,0.0061070216017,0.426243833354,0.000426243833354
2021-10-13,research_holdout,0.006160654328,0.508506815707,0.000508506815707,0.00439591552051,0.432307426311,0.000432307426311
2021-10-14,research_holdout,0.00095097156531,0.499328853574,0.000499328853574,0.000317880001495,0.408764416552,0.000408764416552
2021-10-15,research_holdout,-0.000958045662914,0.463211977667,0.000463211977667,-0.00255105148873,0.406279214335,0.000406279214335
2021-10-18,research_holdout,-0.00109465999548,0.489746318547,0.000489746318547,-0.00221693313856,0.414568920432,0.000414568920432
2021-10-19,research_holdout,-0.00288497487524,0.555407798168,0.000555407798168,-0.00325171170934,0.474763469534,0.000474763469534
2021-10-20,research_holdout,-0.00201392068563,0.523444401984,0.000523444401984,-0.00229910852261,0.421456171006,0.000421456171006
2021-10-21,research_holdout,0.00101029441081,0.46745295611,0.00046745295611,0.00125594357278,0.397944462282,0.000397944462282
2021-10-22,research_holdout,-0.00676873433691,0.492110674307,0.000492110674307,-0.00768039760044,0.425004395213,0.000425004395213
2021-10-25,research_holdout,0.00254968204932,0.517885275697,0.000517885275697,0.00135217539468,0.416189546481,0.000416189546481
2021-10-26,research_holdout,-0.00421025722926,0.555988546679,0.000555988546679,-0.00471931073514,0.445647266521,0.000445647266521
2021-10-27,research_holdout,-0.0053858724375,0.512075810123,0.000512075810123,-0.0046425090096,0.412831349742,0.000412831349742
2021-10-28,research_holdout,-0.00122672971283,0.509724079823,0.000509724079823,0.000408436352903,0.393544541001,0.000393544541001
2021-10-29,research_holdout,-0.00208383702131,0.554224334747,0.000554224334747,-0.00363138765862,0.424144375667,0.000424144375667
2021-11-01,research_holdout,-0.00606398540601,0.511432079453,0.000511432079453,-0.0049067748282,0.389026442633,0.000389026442633
2021-11-02,research_holdout,4.1227219205e-06,0.539897506392,0.000539897506392,0.0013292911528,0.424626044351,0.000424626044351
2021-11-03,research_holdout,-0.00424695753479,0.557742844827,0.000557742844827,-0.00543287272934,0.415185229463,0.000415185229462
2021-11-04,research_holdout,-0.00581935495711,0.502838925299,0.000502838925299,-0.00378398350465,0.403192659192,0.000403192659192
2021-11-05,research_holdout,0.000964478862545,0.450273745176,0.000450273745176,0.00174068870041,0.386242687825,0.000386242687825
2021-11-08,research_holdout,0.00271188989421,0.484308197171,0.000484308197171,0.00094780366743,0.36937966572,0.00036937966572
2021-11-09,research_holdout,-0.00329717802319,0.520359645233,0.000520359645233,-0.00244026008462,0.380916450665,0.000380916450665
2021-11-10,research_holdout,0.00123382610348,0.541492552701,0.000541492552701,0.0014957827796,0.411339430914,0.000411339430914
2021-11-11,research_holdout,-0.00172547708483,0.520618078886,0.000520618078886,-0.00215970290329,0.396653902434,0.000396653902434
2021-11-12,research_holdout,0.00161509494737,0.507262256619,0.000507262256619,0.00227183530731,0.391143808282,0.000391143808282
2021-11-15,research_holdout,0.00281020864239,0.52497130882,0.00052497130882,0.00395115437574,0.419226390395,0.000419226390395
2021-11-16,research_holdout,0.000533866890181,0.560509099317,0.000560509099317,-0.00115988577625,0.473452614399,0.000473452614399
2021-11-17,research_holdout,0.00882995745505,0.539753284738,0.000539753284737,0.00615898912019,0.415355995467,0.000415355995467
2021-11-18,research_holdout,0.00147039542246,0.497555177219,0.000497555177218,0.000311300397917,0.428361085563,0.000428361085563
2021-11-19,research_holdout,0.00513380916218,0.49581315458,0.00049581315458,0.00276863130291,0.410182010483,0.000410182010483
2021-11-22,research_holdout,0.00122368283764,0.57656584522,0.000576565845219,0.00115429422652,0.454098247416,0.000454098247416
2021-11-23,research_holdout,-0.00235718841236,0.516183263455,0.000516183263455,-0.00158286043537,0.428353490322,0.000428353490322
2021-11-24,research_holdout,0.00423244563084,0.523021823235,0.000523021823235,0.00460882101178,0.422569135115,0.000422569135115
2021-11-25,research_holdout,-0.000840804350989,0.526378760906,0.000526378760906,-0.00133686833469,0.443303023301,0.000443303023301
2021-11-26,research_holdout,-0.00234345797438,0.534548815034,0.000534548815034,-0.00324876267028,0.441784202733,0.000441784202733
2021-11-29,research_holdout,0.00405876996913,0.512598140557,0.000512598140557,0.0035877306683,0.434337256798,0.000434337256798
2021-11-30,research_holdout,0.00291764330633,0.5405128505,0.0005405128505,0.00392591294524,0.441004182225,0.000441004182225
2021-12-01,research_holdout,0.00532740660701,0.48099205203,0.00048099205203,0.00635861109244,0.394849612347,0.000394849612347
2021-12-02,research_holdout,0.0026018530164,0.495416147116,0.000495416147116,0.00274063709787,0.407357900243,0.000407357900243
2021-12-03,research_holdout,0.0020242066953,0.52981942529,0.00052981942529,0.00181638093456,0.452712482796,0.000452712482796
2021-12-06,research_holdout,0.0038645263933,0.538280940888,0.000538280940888,0.00697391219913,0.431427916462,0.000431427916462
2021-12-07,research_holdout,0.00380205738789,0.531366115286,0.000531366115286,0.00198439244903,0.4592625691,0.0004592625691
2021-12-08,research_holdout,0.00606198885995,0.53874113672,0.00053874113672,0.00675752235129,0.461309688198,0.000461309688198
2021-12-09,research_holdout,0.00624033011948,0.466178135986,0.000466178135986,0.00532286421036,0.401357472136,0.000401357472135
2021-12-10,research_holdout,0.00431268062138,0.51007769573,0.00051007769573,0.00342687558424,0.428094695612,0.000428094695612
2021-12-13,research_holdout,0.00186396966892,0.561200868828,0.000561200868828,0.000797071905597,0.451846949875,0.000451846949875
2021-12-14,research_holdout,0.00049595204252,0.573216814446,0.000573216814446,0.000334536689612,0.483634812229,0.000483634812229
2021-12-15,research_holdout,-0.00150538823506,0.545064812348,0.000545064812348,-0.000962264680243,0.455889365763,0.000455889365762
2021-12-16,research_holdout,-0.00253707860106,0.540706590906,0.000540706590906,-0.00180373151898,0.45569986068,0.00045569986068
2021-12-17,research_holdout,-0.0060639735187,0.526815797695,0.000526815797695,-0.00295089681004,0.404275325447,0.000404275325447
2021-12-20,research_holdout,-0.00232591519746,0.53703004041,0.00053703004041,-0.000318824440916,0.432983885594,0.000432983885594
2021-12-21,research_holdout,0.00398012822856,0.503410942999,0.000503410942999,0.00342783080155,0.412731630237,0.000412731630237
2021-12-22,research_holdout,0.00258925415392,0.481193851414,0.000481193851414,0.00109505407146,0.385550623628,0.000385550623628
2021-12-23,research_holdout,-0.00579084248861,0.488226846707,0.000488226846707,-0.00398060207731,0.374765078956,0.000374765078956
2021-12-24,research_holdout,-0.0031670316871,0.47123911417,0.00047123911417,-0.000721697180004,0.391995941704,0.000391995941704
2021-12-27,research_holdout,0.00831141841368,0.525242443545,0.000525242443545,0.00813732941909,0.436292499201,0.000436292499201
2021-12-28,research_holdout,0.00583782207625,0.416410189949,0.000416410189949,0.00566451262607,0.343653829025,0.000343653829025
2021-12-29,research_holdout,0.000330748224027,0.473256938823,0.000473256938823,0.000277912576941,0.374002673533,0.000374002673533
2021-12-30,research_holdout,-0.00267103941495,0.480943898182,0.000480943898182,-0.00154219193086,0.375089214656,0.000375089214656
2021-12-31,research_holdout,-0.00305770386286,0.51023943868,0.00051023943868,-0.000843426101368,0.415040651401,0.0004150406514
2022-01-04,research_holdout,-0.000386643919789,0.539119295339,0.000539119295339,0.00131118701187,0.432656886077,0.000432656886077
2022-01-05,research_holdout,0.00355802646517,0.477241087315,0.000477241087315,0.00368331611126,0.383254039893,0.000383254039893
2022-01-06,research_holdout,-0.00292646405267,0.498708895412,0.000498708895412,-0.000967702293737,0.397054334729,0.000397054334729
2022-01-07,research_holdout,-0.00136369757753,0.467740883947,0.000467740883947,0.000207514919127,0.370419206719,0.000370419206719
2022-01-10,research_holdout,-0.00137573295797,0.486828301049,0.000486828301049,-0.000218932550049,0.389093653458,0.000389093653458
2022-01-11,research_holdout,0.00289935276423,0.515482234678,0.000515482234678,0.00196234046668,0.422564180891,0.000422564180891
2022-01-12,research_holdout,-0.00672366055694,0.473020003354,0.000473020003354,-0.00460746354255,0.368533095683,0.000368533095683
2022-01-13,research_holdout,-0.0018125258546,0.496673805865,0.000496673805865,-0.00225857460268,0.387776929931,0.000387776929931
2022-01-14,research_holdout,0.00545805538245,0.481765914629,0.000481765914629,0.00427921401616,0.382551170522,0.000382551170522
2022-01-17,research_holdout,0.00790090750494,0.549583590007,0.000549583590007,0.00785907776544,0.423187258183,0.000423187258183
2022-01-18,research_holdout,0.00118492945635,0.464173293644,0.000464173293644,0.00206406692826,0.362229761414,0.000362229761414
2022-01-19,research_holdout,-0.00916882585557,0.507877212327,0.000507877212327,-0.00799420137473,0.383323798785,0.000383323798784
2022-01-20,research_holdout,0.00817564308433,0.491484951628,0.000491484951628,0.00817791492145,0.381122506681,0.000381122506681
